id,type,public,created_at,actor_id,actor_login,repo_id,repo_name,payload_ref,payload_ref_type,payload_pusher_type,payload_push_id,payload_size,payload_distinct_size,payload_commits,payload_action,payload_pr_number,payload_forkee_full_name,payload_changes,payload_review_state,payload_review_author_association,payload_member_id,payload_member_login,payload_member_type,payload_member_site_admin,pr_number
14693979982,ForkEvent,1,2021-01-03 11:51:04,7943694,sgc109,4576305,openzipkin/zipkin,,,,,,,,,,sgc109/zipkin,,,,,,,,3338
14693986333,PushEvent,1,2021-01-03 11:52:56,7943694,sgc109,326395005,sgc109/zipkin,refs/heads/patch-1,,,6287973746,1.0,1.0,0889bcd5a58c3f0bc9011d443bf9968a2b61f9ba,,,,,,,,,,,3338
14693986624,PullRequestEvent,1,2021-01-03 11:53:02,7943694,sgc109,4576305,openzipkin/zipkin,,,,,,,,opened,3338.0,,,,,,,,,3338
14694892041,PullRequestEvent,1,2021-01-03 15:47:40,193792,jorgheymans,4576305,openzipkin/zipkin,,,,,,,,closed,3338.0,,,,,,,,,3338
14698437547,CreateEvent,1,2021-01-04 06:26:53,19551419,tacigar,158332417,tacigar/zipkin,avoid-two-time-fetch,branch,user,,,,,,,,,,,,,,,3339
14716120383,PushEvent,1,2021-01-05 14:11:20,19551419,tacigar,158332417,tacigar/zipkin,refs/heads/avoid-two-time-fetch,,,6299070035,1.0,1.0,e9cf1920ace69c5eebe9001234f53c76baf07a61,,,,,,,,,,,3339
14698479081,PullRequestEvent,1,2021-01-04 06:32:46,19551419,tacigar,4576305,openzipkin/zipkin,,,,,,,,opened,3339.0,,,,,,,,,3339
14710919136,PullRequestReviewEvent,1,2021-01-05 06:23:06,198344,anuraaga,4576305,openzipkin/zipkin,,,,,,,,created,3339.0,,,approved,CONTRIBUTOR,,,,,3339
14716309226,PullRequestEvent,1,2021-01-05 14:24:57,19551419,tacigar,4576305,openzipkin/zipkin,,,,,,,,closed,3339.0,,,,,,,,,3339
15785506368,CreateEvent,1,2021-04-01 16:25:42,19551419,tacigar,158332417,tacigar/zipkin,ts-span-detail,branch,user,,,,,,,,,,,,,,,3348
15785819119,PullRequestEvent,1,2021-04-01 16:51:35,19551419,tacigar,4576305,openzipkin/zipkin,,,,,,,,opened,3348.0,,,,,,,,,3348
15794237687,CreateEvent,1,2021-04-02 10:33:06,19551419,tacigar,158332417,tacigar/zipkin,trace-page-header,branch,user,,,,,,,,,,,,,,,3349
15794314521,PullRequestEvent,1,2021-04-02 10:43:00,19551419,tacigar,4576305,openzipkin/zipkin,,,,,,,,opened,3349.0,,,,,,,,,3349
15803556850,CreateEvent,1,2021-04-03 14:48:29,19551419,tacigar,158332417,tacigar/zipkin,trace-timeline,branch,user,,,,,,,,,,,,,,,3350
15803563586,PullRequestEvent,1,2021-04-03 14:50:09,19551419,tacigar,4576305,openzipkin/zipkin,,,,,,,,opened,3350.0,,,,,,,,,3350
15865194132,CreateEvent,1,2021-04-08 14:30:18,25103250,minwoox,285498186,minwoox/zipkin,update_deps,branch,user,,,,,,,,,,,,,,,3351
15865198372,PullRequestEvent,1,2021-04-08 14:30:33,25103250,minwoox,4576305,openzipkin/zipkin,,,,,,,,opened,3351.0,,,,,,,,,3351
17571542098,ForkEvent,1,2021-08-14 20:04:43,4701700,VY8,4576305,openzipkin/zipkin,,,,,,,,,,VY8/zipkin,,,,,,,,3367
17571560523,CreateEvent,1,2021-08-14 20:09:49,4701700,VY8,396116668,VY8/zipkin,fix-int-overflow,branch,user,,,,,,,,,,,,,,,3367
17571584527,PullRequestEvent,1,2021-08-14 20:16:37,4701700,VY8,4576305,openzipkin/zipkin,,,,,,,,opened,3367.0,,,,,,,,,3367
19295054268,PullRequestReviewEvent,1,2021-12-12 12:56:48,3075074,jcchavezs,4576305,openzipkin/zipkin,,,,,,,,created,3367.0,,,commented,CONTRIBUTOR,,,,,3367
19295054295,PullRequestReviewCommentEvent,1,2021-12-12 12:56:48,3075074,jcchavezs,4576305,openzipkin/zipkin,,,,,,,,created,3367.0,,,,,,,,,3367
19295249620,PullRequestReviewEvent,1,2021-12-12 13:33:31,4701700,vy8,4576305,openzipkin/zipkin,,,,,,,,created,3367.0,,,commented,NONE,,,,,3367
19295249645,PullRequestReviewCommentEvent,1,2021-12-12 13:33:31,4701700,vy8,4576305,openzipkin/zipkin,,,,,,,,created,3367.0,,,,,,,,,3367
17677926577,ForkEvent,1,2021-08-23 14:23:05,1246139,zhfeng,4576305,openzipkin/zipkin,,,,,,,,,,zhfeng/zipkin,,,,,,,,3368
17678157598,CreateEvent,1,2021-08-23 14:36:26,1246139,zhfeng,399133318,zhfeng/zipkin,support_armeria_thrift0.14,branch,user,,,,,,,,,,,,,,,3368
17678160292,PullRequestEvent,1,2021-08-23 14:36:36,1246139,zhfeng,4576305,openzipkin/zipkin,,,,,,,,opened,3368.0,,,,,,,,,3368
19166012820,PullRequestEvent,1,2021-12-03 09:05:57,3075074,jcchavezs,4576305,openzipkin/zipkin,,,,,,,,closed,3368.0,,,,,,,,,3368
17795893194,PullRequestEvent,1,2021-08-31 22:09:51,3075074,jcchavezs,4576305,openzipkin/zipkin,,,,,,,,closed,3370,,,,,,,,,3370
17905930250,CreateEvent,1,2021-09-08 19:32:38,99359,llinder,70197478,llinder/zipkin,rev,branch,user,,,,,,,,,,,,,,,3375
17908575312,PushEvent,1,2021-09-08 23:50:22,99359,llinder,70197478,llinder/zipkin,refs/heads/rev,,,7895084951,1.0,1.0,504146c59b50405e46571e197c080272290e8cb2,,,,,,,,,,,3375
17905933185,PullRequestEvent,1,2021-09-08 19:32:52,99359,llinder,4576305,openzipkin/zipkin,,,,,,,,opened,3375.0,,,,,,,,,3375
17908704808,PullRequestReviewEvent,1,2021-09-09 00:07:45,64215,codefromthecrypt,4576305,openzipkin/zipkin,,,,,,,,created,3375.0,,,approved,NONE,,,,,3375
17909665817,PullRequestEvent,1,2021-09-09 02:15:49,99359,llinder,4576305,openzipkin/zipkin,,,,,,,,closed,3375.0,,,,,,,,,3375
17909850238,CreateEvent,1,2021-09-09 02:40:46,99359,llinder,70197478,llinder/zipkin,year,branch,user,,,,,,,,,,,,,,,3376
17909853631,PullRequestEvent,1,2021-09-09 02:41:15,99359,llinder,4576305,openzipkin/zipkin,,,,,,,,opened,3376.0,,,,,,,,,3376
17909982233,PullRequestReviewEvent,1,2021-09-09 02:59:05,64215,codefromthecrypt,4576305,openzipkin/zipkin,,,,,,,,created,3376.0,,,approved,NONE,,,,,3376
17909990612,PullRequestEvent,1,2021-09-09 03:00:13,99359,llinder,4576305,openzipkin/zipkin,,,,,,,,closed,3376.0,,,,,,,,,3376
17924118573,CreateEvent,1,2021-09-09 20:27:39,99359,llinder,70197478,llinder/zipkin,es_include_type_name,branch,user,,,,,,,,,,,,,,,3377
17924515609,PushEvent,1,2021-09-09 21:01:17,99359,llinder,70197478,llinder/zipkin,refs/heads/es_include_type_name,,,7902848760,1.0,1.0,f96481b244e5a9119239ca844604a852a9dcf140,,,,,,,,,,,3377
17924855381,PushEvent,1,2021-09-09 21:30:41,99359,llinder,70197478,llinder/zipkin,refs/heads/es_include_type_name,,,7903010291,1.0,1.0,6482f0bebdcf1c8682ae8e41ad9d039c0569f935,,,,,,,,,,,3377
17924125023,PullRequestEvent,1,2021-09-09 20:28:11,99359,llinder,4576305,openzipkin/zipkin,,,,,,,,opened,3377.0,,,,,,,,,3377
17924209907,PullRequestReviewEvent,1,2021-09-09 20:35:15,64215,codefromthecrypt,4576305,openzipkin/zipkin,,,,,,,,created,3377.0,,,approved,NONE,,,,,3377
17924209946,PullRequestReviewEvent,1,2021-09-09 20:35:15,64215,codefromthecrypt,4576305,openzipkin/zipkin,,,,,,,,created,3377.0,,,approved,NONE,,,,,3377
17924209953,PullRequestReviewCommentEvent,1,2021-09-09 20:33:17,64215,codefromthecrypt,4576305,openzipkin/zipkin,,,,,,,,created,3377.0,,,,,,,,,3377
17924209954,PullRequestReviewCommentEvent,1,2021-09-09 20:34:06,64215,codefromthecrypt,4576305,openzipkin/zipkin,,,,,,,,created,3377.0,,,,,,,,,3377
17924214901,PullRequestReviewEvent,1,2021-09-09 20:35:40,64215,codefromthecrypt,4576305,openzipkin/zipkin,,,,,,,,created,3377.0,,,approved,NONE,,,,,3377
17924968433,PullRequestEvent,1,2021-09-09 21:41:19,99359,llinder,4576305,openzipkin/zipkin,,,,,,,,closed,3377.0,,,,,,,,,3377
17895489328,ForkEvent,1,2021-09-08 07:56:50,41158803,equinix-ms,4576305,openzipkin/zipkin,,,,,,,,,,equinix-ms/zipkin,,,,,,,,3378
18160803296,CreateEvent,1,2021-09-27 09:22:44,951654,jonkerj,404260495,equinix-ms/zipkin,helm-chart,branch,user,,,,,,,,,,,,,,,3378
19016758568,PushEvent,1,2021-11-23 15:04:25,951654,jonkerj,404260495,equinix-ms/zipkin,refs/heads/helm-chart,,,8454385246,9.0,9.0,b6a5f76c4d13d2c05334eacf256787cc4be4c848#3ec8bc35745a7aa154a6d24693ba4bf951fb4f86#745fbad95878ed56588c8fb562ce0b2f9da17b4f#76a962e689619b28e41033320b041486d76cc737#83fe09ef7c36cb018dcd15a0961513f26f6421ee#c2730ad45ad7a56d05be3ce2f4bb2f24e74b9b01#001e4a341afd5676bc95f6c8c1fe7b0171385a32#ffd3f17226efd3c8158a498b491c0b73bd1c569a#1a40d9a2ddc4f573afa5c43e37c0dcb90664a08f,,,,,,,,,,,3378
18161014206,PullRequestEvent,1,2021-09-27 09:36:16,951654,jonkerj,4576305,openzipkin/zipkin,,,,,,,,opened,3378.0,,,,,,,,,3378
19151051552,PullRequestEvent,1,2021-12-02 13:05:06,3075074,jcchavezs,4576305,openzipkin/zipkin,,,,,,,,closed,3378.0,,,,,,,,,3378
19157352894,PullRequestReviewEvent,1,2021-12-02 19:05:26,3075074,jcchavezs,4576305,openzipkin/zipkin,,,,,,,,created,3378.0,,,commented,CONTRIBUTOR,,,,,3378
19157352927,PullRequestReviewCommentEvent,1,2021-12-02 19:05:25,3075074,jcchavezs,4576305,openzipkin/zipkin,,,,,,,,created,3378.0,,,,,,,,,3378
19157374916,PullRequestReviewEvent,1,2021-12-02 19:06:56,3075074,jcchavezs,4576305,openzipkin/zipkin,,,,,,,,created,3378.0,,,commented,CONTRIBUTOR,,,,,3378
19157374955,PullRequestReviewCommentEvent,1,2021-12-02 19:06:56,3075074,jcchavezs,4576305,openzipkin/zipkin,,,,,,,,created,3378.0,,,,,,,,,3378
19198860249,PullRequestReviewCommentEvent,1,2021-12-06 12:12:29,951654,jonkerj,4576305,openzipkin/zipkin,,,,,,,,created,3378.0,,,,,,,,,3378
19198860261,PullRequestReviewEvent,1,2021-12-06 12:12:30,951654,jonkerj,4576305,openzipkin/zipkin,,,,,,,,created,3378.0,,,commented,CONTRIBUTOR,,,,,3378
19331093069,DeleteEvent,1,2021-12-14 15:56:34,6759608,BbolroC,313521897,BbolroC/zipkin,s390x-support,branch,user,,,,,,,,,,,,,,,3384
18822121660,PushEvent,1,2021-11-10 09:30:29,6759608,BbolroC,313521897,BbolroC/zipkin,refs/heads/s390x-support,,,8353133442,1.0,1.0,4529e37491e36da05c84444823a5f2dfc60f7a19,,,,,,,,,,,3384
18822197937,PushEvent,1,2021-11-10 09:35:03,6759608,BbolroC,313521897,BbolroC/zipkin,refs/heads/s390x-support,,,8353169648,1.0,1.0,845ad93a37ae7c4f9b882402d1a230459e2ae886,,,,,,,,,,,3384
18823272959,PushEvent,1,2021-11-10 10:39:27,6759608,BbolroC,313521897,BbolroC/zipkin,refs/heads/s390x-support,,,8353692900,1.0,1.0,a6a8f17f7e0f604177292c01173dff588ef127a8,,,,,,,,,,,3384
19029760916,PushEvent,1,2021-11-24 09:26:12,6759608,BbolroC,313521897,BbolroC/zipkin,refs/heads/s390x-support,,,8460885606,1.0,1.0,d450cdbe9bf1c27b4e126e6e0ffe1ef8aed7f495,,,,,,,,,,,3384
19065053588,PushEvent,1,2021-11-26 12:45:41,6759608,BbolroC,313521897,BbolroC/zipkin,refs/heads/s390x-support,,,8478908369,1.0,1.0,dae8f6baa7fef00644e2e9f0f900aa2826f45386,,,,,,,,,,,3384
19322536065,PushEvent,1,2021-12-14 07:53:07,6759608,BbolroC,313521897,BbolroC/zipkin,refs/heads/s390x-support,,,8614382282,1.0,1.0,c8015711ce2c31d3c3d872944beb85c50fb3fe08,,,,,,,,,,,3384
19322691359,PushEvent,1,2021-12-14 08:04:22,6759608,BbolroC,313521897,BbolroC/zipkin,refs/heads/s390x-support,,,8614457959,1.0,1.0,43ac359e1a1ddaf05bca62405d7605cbcf2a15f4,,,,,,,,,,,3384
19322722201,PushEvent,1,2021-12-14 08:06:30,6759608,BbolroC,313521897,BbolroC/zipkin,refs/heads/s390x-support,,,8614472694,1.0,1.0,557d1e7b2bbe8811e1a44fa57a58c0c2b4948fe3,,,,,,,,,,,3384
19328598304,PushEvent,1,2021-12-14 13:52:31,6759608,BbolroC,313521897,BbolroC/zipkin,refs/heads/s390x-support,,,8617361700,1.0,1.0,d5b53c3d20a6d4b769f21ee52e4a6fe15cedafd0,,,,,,,,,,,3384
18822322493,PullRequestReviewEvent,1,2021-11-10 09:42:43,8924140,shakuzen,4576305,openzipkin/zipkin,,,,,,,,created,3384.0,,,commented,MEMBER,,,,,3384
18997137289,PullRequestReviewEvent,1,2021-11-22 13:49:25,3075074,jcchavezs,4576305,openzipkin/zipkin,,,,,,,,created,3384.0,,,commented,CONTRIBUTOR,,,,,3384
18997137341,PullRequestReviewCommentEvent,1,2021-11-22 13:49:24,3075074,jcchavezs,4576305,openzipkin/zipkin,,,,,,,,created,3384.0,,,,,,,,,3384
18997160945,PullRequestReviewEvent,1,2021-11-22 13:50:45,3075074,jcchavezs,4576305,openzipkin/zipkin,,,,,,,,created,3384.0,,,commented,CONTRIBUTOR,,,,,3384
18997160994,PullRequestReviewCommentEvent,1,2021-11-22 13:50:45,3075074,jcchavezs,4576305,openzipkin/zipkin,,,,,,,,created,3384.0,,,,,,,,,3384
19029140402,PullRequestReviewEvent,1,2021-11-24 08:48:16,3075074,jcchavezs,4576305,openzipkin/zipkin,,,,,,,,created,3384.0,,,commented,CONTRIBUTOR,,,,,3384
19029140416,PullRequestReviewCommentEvent,1,2021-11-24 08:48:16,3075074,jcchavezs,4576305,openzipkin/zipkin,,,,,,,,created,3384.0,,,,,,,,,3384
19100951823,PullRequestReviewEvent,1,2021-11-29 22:28:16,3075074,jcchavezs,4576305,openzipkin/zipkin,,,,,,,,created,3384.0,,,approved,CONTRIBUTOR,,,,,3384
19167929609,PullRequestReviewEvent,1,2021-12-03 11:13:12,6759608,BbolroC,4576305,openzipkin/zipkin,,,,,,,,created,3384.0,,,commented,NONE,,,,,3384
19167929660,PullRequestReviewEvent,1,2021-12-03 11:13:12,6759608,BbolroC,4576305,openzipkin/zipkin,,,,,,,,created,3384.0,,,commented,NONE,,,,,3384
19168024507,PullRequestReviewEvent,1,2021-12-03 11:19:52,6759608,BbolroC,4576305,openzipkin/zipkin,,,,,,,,created,3384.0,,,commented,NONE,,,,,3384
19168024535,PullRequestReviewCommentEvent,1,2021-12-03 11:19:51,6759608,BbolroC,4576305,openzipkin/zipkin,,,,,,,,created,3384.0,,,,,,,,,3384
19252166664,PullRequestReviewEvent,1,2021-12-09 07:10:34,6759608,BbolroC,4576305,openzipkin/zipkin,,,,,,,,created,3384.0,,,commented,NONE,,,,,3384
19252166698,PullRequestReviewCommentEvent,1,2021-12-09 07:10:33,6759608,BbolroC,4576305,openzipkin/zipkin,,,,,,,,created,3384.0,,,,,,,,,3384
19305917585,PullRequestReviewEvent,1,2021-12-13 11:29:13,3075074,jcchavezs,4576305,openzipkin/zipkin,,,,,,,,created,3384.0,,,commented,CONTRIBUTOR,,,,,3384
19305917614,PullRequestReviewCommentEvent,1,2021-12-13 11:29:13,3075074,jcchavezs,4576305,openzipkin/zipkin,,,,,,,,created,3384.0,,,,,,,,,3384
19311892445,PullRequestReviewEvent,1,2021-12-13 17:00:24,99359,llinder,4576305,openzipkin/zipkin,,,,,,,,created,3384.0,,,commented,MEMBER,,,,,3384
19311892480,PullRequestReviewCommentEvent,1,2021-12-13 17:00:23,99359,llinder,4576305,openzipkin/zipkin,,,,,,,,created,3384.0,,,,,,,,,3384
19322023185,PullRequestReviewEvent,1,2021-12-14 07:12:10,6759608,BbolroC,4576305,openzipkin/zipkin,,,,,,,,created,3384.0,,,commented,NONE,,,,,3384
19322023224,PullRequestReviewCommentEvent,1,2021-12-14 07:12:09,6759608,BbolroC,4576305,openzipkin/zipkin,,,,,,,,created,3384.0,,,,,,,,,3384
19322620612,PullRequestReviewEvent,1,2021-12-14 07:59:25,6759608,BbolroC,4576305,openzipkin/zipkin,,,,,,,,created,3384.0,,,commented,NONE,,,,,3384
19322620646,PullRequestReviewCommentEvent,1,2021-12-14 07:59:24,6759608,BbolroC,4576305,openzipkin/zipkin,,,,,,,,created,3384.0,,,,,,,,,3384
19323469968,PullRequestReviewEvent,1,2021-12-14 08:54:54,3075074,jcchavezs,4576305,openzipkin/zipkin,,,,,,,,created,3384.0,,,commented,CONTRIBUTOR,,,,,3384
19323470003,PullRequestReviewCommentEvent,1,2021-12-14 08:54:53,3075074,jcchavezs,4576305,openzipkin/zipkin,,,,,,,,created,3384.0,,,,,,,,,3384
19325049251,PullRequestReviewEvent,1,2021-12-14 10:24:20,6759608,BbolroC,4576305,openzipkin/zipkin,,,,,,,,created,3384.0,,,commented,NONE,,,,,3384
19325049273,PullRequestReviewCommentEvent,1,2021-12-14 10:24:20,6759608,BbolroC,4576305,openzipkin/zipkin,,,,,,,,created,3384.0,,,,,,,,,3384
19328443198,PullRequestReviewEvent,1,2021-12-14 13:44:13,3075074,jcchavezs,4576305,openzipkin/zipkin,,,,,,,,created,3384.0,,,commented,CONTRIBUTOR,,,,,3384
19328443229,PullRequestReviewCommentEvent,1,2021-12-14 13:44:13,3075074,jcchavezs,4576305,openzipkin/zipkin,,,,,,,,created,3384.0,,,,,,,,,3384
19328462725,PullRequestReviewEvent,1,2021-12-14 13:45:17,3075074,jcchavezs,4576305,openzipkin/zipkin,,,,,,,,created,3384.0,,,commented,CONTRIBUTOR,,,,,3384
19328462748,PullRequestReviewCommentEvent,1,2021-12-14 13:45:16,3075074,jcchavezs,4576305,openzipkin/zipkin,,,,,,,,created,3384.0,,,,,,,,,3384
19328607833,PullRequestReviewEvent,1,2021-12-14 13:53:02,6759608,BbolroC,4576305,openzipkin/zipkin,,,,,,,,created,3384.0,,,commented,NONE,,,,,3384
19328607878,PullRequestReviewCommentEvent,1,2021-12-14 13:53:01,6759608,BbolroC,4576305,openzipkin/zipkin,,,,,,,,created,3384.0,,,,,,,,,3384
19328808516,PullRequestReviewEvent,1,2021-12-14 14:03:24,3075074,jcchavezs,4576305,openzipkin/zipkin,,,,,,,,created,3384.0,,,approved,CONTRIBUTOR,,,,,3384
19019134613,CreateEvent,1,2021-11-23 17:14:44,99359,llinder,70197478,llinder/zipkin,bump-test-containers,branch,user,,,,,,,,,,,,,,,3392
19019140741,PullRequestEvent,1,2021-11-23 17:15:06,99359,llinder,4576305,openzipkin/zipkin,,,,,,,,opened,3392.0,,,,,,,,,3392
19021116302,PullRequestEvent,1,2021-11-23 19:31:54,99359,llinder,4576305,openzipkin/zipkin,,,,,,,,closed,3392.0,,,,,,,,,3392
19037059126,CreateEvent,1,2021-11-24 16:32:45,99359,llinder,70197478,llinder/zipkin,bump-thrift,branch,user,,,,,,,,,,,,,,,3394
19052350357,PushEvent,1,2021-11-25 14:37:09,99359,llinder,70197478,llinder/zipkin,refs/heads/bump-thrift,,,8472206260,1.0,1.0,bab0665b1e3fc38a5cdf86f068468631f35786a2,,,,,,,,,,,3394
19054149424,PushEvent,1,2021-11-25 16:33:52,99359,llinder,70197478,llinder/zipkin,refs/heads/bump-thrift,,,8473106828,1.0,1.0,8c07fb1ae804259abf3483bf22699c489f352d54,,,,,,,,,,,3394
19054549533,PushEvent,1,2021-11-25 17:05:14,99359,llinder,70197478,llinder/zipkin,refs/heads/bump-thrift,,,8473313294,1.0,1.0,a4bf3e2f0ccfffc372e622cb4938112d9604bbef,,,,,,,,,,,3394
19037065418,PullRequestEvent,1,2021-11-24 16:33:08,99359,llinder,4576305,openzipkin/zipkin,,,,,,,,opened,3394.0,,,,,,,,,3394
19054676825,PullRequestEvent,1,2021-11-25 17:15:52,99359,llinder,4576305,openzipkin/zipkin,,,,,,,,closed,3394.0,,,,,,,,,3394
19037059126,CreateEvent,1,2021-11-24 16:32:45,99359,llinder,70197478,llinder/zipkin,bump-thrift,branch,user,,,,,,,,,,,,,,,3395
19067268236,PushEvent,1,2021-11-26 15:25:09,99359,llinder,70197478,llinder/zipkin,refs/heads/bump-thrift,,,8480037336,4.0,4.0,c312c0dedfb3545010c2c451161ac3e7303d56f4#8be42612b4ff78c3c5bbb761f781c0c4ae88124b#00a4edf2b1cad5f7ff5ef56b311a8a6c68a719fa#07cf6f0fddea00576f7730e313f0b240ccfdd06f,,,,,,,,,,,3395
19067272447,PullRequestEvent,1,2021-11-26 15:25:28,99359,llinder,4576305,openzipkin/zipkin,,,,,,,,opened,3395.0,,,,,,,,,3395
19075172650,PullRequestEvent,1,2021-11-27 16:44:02,99359,llinder,4576305,openzipkin/zipkin,,,,,,,,closed,3395.0,,,,,,,,,3395
19151585521,CreateEvent,1,2021-12-02 13:36:21,3075074,jcchavezs,4576305,openzipkin/zipkin,adds_support_for_yaml_license,branch,user,,,,,,,,,,,,,,,3397
19165958154,DeleteEvent,1,2021-12-03 09:02:15,3075074,jcchavezs,4576305,openzipkin/zipkin,adds_support_for_yaml_license,branch,user,,,,,,,,,,,,,,,3397
19157483362,PushEvent,1,2021-12-02 19:14:31,3075074,jcchavezs,4576305,openzipkin/zipkin,refs/heads/adds_support_for_yaml_license,,,8527100258,1.0,1.0,df0d56b35c9a26e129867d9c18af607d3dbf10b2,,,,,,,,,,,3397
19157566610,PullRequestReviewCommentEvent,1,2021-12-02 19:20:25,3075074,jcchavezs,4576305,openzipkin/zipkin,,,,,,,,created,3397.0,,,,,,,,,3397
19157566617,PullRequestReviewEvent,1,2021-12-02 19:20:25,3075074,jcchavezs,4576305,openzipkin/zipkin,,,,,,,,created,3397.0,,,commented,CONTRIBUTOR,,,,,3397
19165957200,PullRequestEvent,1,2021-12-03 09:02:11,3075074,jcchavezs,4576305,openzipkin/zipkin,,,,,,,,closed,3397.0,,,,,,,,,3397
17895489328,ForkEvent,1,2021-09-08 07:56:50,41158803,equinix-ms,4576305,openzipkin/zipkin,,,,,,,,,,equinix-ms/zipkin,,,,,,,,3398
19169357489,CreateEvent,1,2021-12-03 12:55:55,951654,jonkerj,404260495,equinix-ms/zipkin,add-chart-cd,branch,user,,,,,,,,,,,,,,,3398
19169592177,PushEvent,1,2021-12-03 13:11:25,951654,jonkerj,404260495,equinix-ms/zipkin,refs/heads/add-chart-cd,,,8533352075,1.0,1.0,aedfdbdfc059a2024caaf4d1d24c097c994b435b,,,,,,,,,,,3398
19169622452,PullRequestEvent,1,2021-12-03 13:13:24,951654,jonkerj,4576305,openzipkin/zipkin,,,,,,,,opened,3398.0,,,,,,,,,3398
19175078618,PullRequestReviewEvent,1,2021-12-03 19:18:57,3075074,jcchavezs,4576305,openzipkin/zipkin,,,,,,,,created,3398.0,,,approved,CONTRIBUTOR,,,,,3398
19295044617,PullRequestEvent,1,2021-12-12 12:54:59,3075074,jcchavezs,4576305,openzipkin/zipkin,,,,,,,,closed,3398.0,,,,,,,,,3398
17895489328,ForkEvent,1,2021-09-08 07:56:50,41158803,equinix-ms,4576305,openzipkin/zipkin,,,,,,,,,,equinix-ms/zipkin,,,,,,,,3399
19198952014,CreateEvent,1,2021-12-06 12:18:10,951654,jonkerj,404260495,equinix-ms/zipkin,chart-single-service,branch,user,,,,,,,,,,,,,,,3399
19198968104,PushEvent,1,2021-12-06 12:19:12,951654,jonkerj,404260495,equinix-ms/zipkin,refs/heads/chart-single-service,,,8550428720,1.0,1.0,5fae37fb284a180ac1865a4d42ffaa2a0ae4efde,,,,,,,,,,,3399
19198981824,PullRequestEvent,1,2021-12-06 12:20:04,951654,jonkerj,4576305,openzipkin/zipkin,,,,,,,,opened,3399.0,,,,,,,,,3399
19240416285,PullRequestReviewEvent,1,2021-12-08 15:08:39,6180701,jeqo,4576305,openzipkin/zipkin,,,,,,,,created,3399.0,,,approved,MEMBER,,,,,3399
19282000597,PullRequestEvent,1,2021-12-10 18:24:44,6180701,jeqo,4576305,openzipkin/zipkin,,,,,,,,closed,3399.0,,,,,,,,,3399
16617096376,ForkEvent,1,2021-06-02 18:10:30,57077064,uzshao,4576305,openzipkin/zipkin,,,,,,,,,,uzshao/zipkin,,,,,,,,3402
19291915769,PushEvent,1,2021-12-11 23:45:33,57077064,uzshao,373262152,uzshao/zipkin,refs/heads/master,,,8598027003,1.0,1.0,28d849c87ca2b3d6e4ecd61f77696a17a65f1ace,,,,,,,,,,,3402
19291919386,PullRequestEvent,1,2021-12-11 23:46:35,57077064,uzshao,4576305,openzipkin/zipkin,,,,,,,,opened,3402.0,,,,,,,,,3402
19308911694,PullRequestReviewCommentEvent,1,2021-12-13 14:25:23,99359,llinder,4576305,openzipkin/zipkin,,,,,,,,created,3402.0,,,,,,,,,3402
19308911746,PullRequestReviewEvent,1,2021-12-13 14:25:24,99359,llinder,4576305,openzipkin/zipkin,,,,,,,,created,3402.0,,,commented,MEMBER,,,,,3402
19308989412,PullRequestEvent,1,2021-12-13 14:29:28,99359,llinder,4576305,openzipkin/zipkin,,,,,,,,closed,3402.0,,,,,,,,,3402
19366620549,PullRequestReviewEvent,1,2021-12-16 12:07:57,3075074,jcchavezs,4576305,openzipkin/zipkin,,,,,,,,created,3402.0,,,commented,CONTRIBUTOR,,,,,3402
19366620584,PullRequestReviewCommentEvent,1,2021-12-16 12:07:56,3075074,jcchavezs,4576305,openzipkin/zipkin,,,,,,,,created,3402.0,,,,,,,,,3402
19311065827,CreateEvent,1,2021-12-13 16:15:29,99359,llinder,70197478,llinder/zipkin,cve-2021-43795,branch,user,,,,,,,,,,,,,,,3403
19311140508,PullRequestEvent,1,2021-12-13 16:19:20,99359,llinder,4576305,openzipkin/zipkin,,,,,,,,opened,3403.0,,,,,,,,,3403
19311330871,PullRequestEvent,1,2021-12-13 16:29:21,99359,llinder,4576305,openzipkin/zipkin,,,,,,,,closed,3403.0,,,,,,,,,3403
19328240680,CreateEvent,1,2021-12-14 13:33:09,3075074,jcchavezs,4576305,openzipkin/zipkin,s390x-support_test,branch,user,,,,,,,,,,,,,,,3404
19328800992,DeleteEvent,1,2021-12-14 14:03:01,3075074,jcchavezs,4576305,openzipkin/zipkin,s390x-support_test,branch,user,,,,,,,,,,,,,,,3404
19328261572,PullRequestEvent,1,2021-12-14 13:34:19,3075074,jcchavezs,4576305,openzipkin/zipkin,,,,,,,,opened,3404.0,,,,,,,,,3404
19328799625,PullRequestEvent,1,2021-12-14 14:02:56,3075074,jcchavezs,4576305,openzipkin/zipkin,,,,,,,,closed,3404.0,,,,,,,,,3404
19335197816,CreateEvent,1,2021-12-14 20:06:21,99359,llinder,70197478,llinder/zipkin,sonatype,branch,user,,,,,,,,,,,,,,,3405
19335224693,PullRequestEvent,1,2021-12-14 20:08:08,99359,llinder,4576305,openzipkin/zipkin,,,,,,,,opened,3405.0,,,,,,,,,3405
19335263958,PullRequestReviewEvent,1,2021-12-14 20:10:45,3075074,jcchavezs,4576305,openzipkin/zipkin,,,,,,,,created,3405.0,,,approved,CONTRIBUTOR,,,,,3405
19335410068,PullRequestEvent,1,2021-12-14 20:20:39,3075074,jcchavezs,4576305,openzipkin/zipkin,,,,,,,,closed,3405.0,,,,,,,,,3405
19336752366,CreateEvent,1,2021-12-14 21:36:26,99359,llinder,70197478,llinder/zipkin,log4j,branch,user,,,,,,,,,,,,,,,3406
19336754303,PullRequestEvent,1,2021-12-14 21:36:32,99359,llinder,4576305,openzipkin/zipkin,,,,,,,,opened,3406.0,,,,,,,,,3406
19337201735,PullRequestEvent,1,2021-12-14 21:59:36,99359,llinder,4576305,openzipkin/zipkin,,,,,,,,closed,3406.0,,,,,,,,,3406
19404393289,CreateEvent,1,2021-12-19 18:54:24,3075074,jcchavezs,4576305,openzipkin/zipkin,CVE-2021-45105,branch,user,,,,,,,,,,,,,,,3411
19404535040,DeleteEvent,1,2021-12-19 19:24:39,3075074,jcchavezs,4576305,openzipkin/zipkin,CVE-2021-45105,branch,user,,,,,,,,,,,,,,,3411
19404393637,PullRequestEvent,1,2021-12-19 18:54:30,3075074,jcchavezs,4576305,openzipkin/zipkin,,,,,,,,opened,3411.0,,,,,,,,,3411
19404534960,PullRequestEvent,1,2021-12-19 19:24:38,3075074,jcchavezs,4576305,openzipkin/zipkin,,,,,,,,closed,3411.0,,,,,,,,,3411
19418449518,ForkEvent,1,2021-12-20 17:04:28,10580515,TheAschr,4576305,openzipkin/zipkin,,,,,,,,,,TheAschr/zipkin,,,,,,,,3413
19418668017,PullRequestEvent,1,2021-12-20 17:18:17,10580515,TheAschr,4576305,openzipkin/zipkin,,,,,,,,opened,3413.0,,,,,,,,,3413
19561067907,ForkEvent,1,2022-01-03 16:16:44,6757743,aegliv,4576305,openzipkin/zipkin,,,,,,,,,,aegliv/zipkin,,,,,,,,3414
19561118233,PushEvent,1,2022-01-03 16:20:12,6757743,aegliv,444123767,aegliv/zipkin,refs/heads/patch-1,,,8744354238,1.0,1.0,5c44e4a588e18932f04ffd42b29bcbd67d04eea6,,,,,,,,,,,3414
19565403209,PushEvent,1,2022-01-03 23:05:10,3075074,jcchavezs,444123767,aegliv/zipkin,refs/heads/patch-1,,,8746560056,1.0,1.0,9e94021378539bf7d2e9a6be390175ef82649ac8,,,,,,,,,,,3414
19561119604,PullRequestEvent,1,2022-01-03 16:20:18,6757743,aegliv,4576305,openzipkin/zipkin,,,,,,,,opened,3414.0,,,,,,,,,3414
19565496278,PullRequestEvent,1,2022-01-03 23:16:20,3075074,jcchavezs,4576305,openzipkin/zipkin,,,,,,,,closed,3414.0,,,,,,,,,3414
17895489328,ForkEvent,1,2021-09-08 07:56:50,41158803,equinix-ms,4576305,openzipkin/zipkin,,,,,,,,,,equinix-ms/zipkin,,,,,,,,3415
19659618228,CreateEvent,1,2022-01-10 15:47:37,951654,jonkerj,404260495,equinix-ms/zipkin,helm-add-es-output,branch,user,,,,,,,,,,,,,,,3415
19892453244,PushEvent,1,2022-01-24 19:04:39,951654,jonkerj,404260495,equinix-ms/zipkin,refs/heads/helm-add-es-output,,,8919230167,16.0,16.0,7e42c7af9ff9888fd2611135177328d7953453d4#8b593cc5200ecff1550ea9165aa36f41815ab43a#aa5b472a6d05d729483dbded57b9aa84d349a53a#e1c8a03c761b562c9a6327eae7fb2ef1db2a4add#65211cc739dfbbc4a8c8fac3d2dc5b3aa255e022#89462c7f2fe013a8b36690f3fb2e2a3dcde6256e#7716221e6589bbba6c39e7b9b8308d6a3ef4d65c#81771b998017944fda0fb40880e203b60a453526#776b2759d0e8914a418b5ffe1e4137a67eae4925#b62c8b956e3039b44c4c9c8bb5810c9fc6d928e1#63365bbe142671c18d84ca696bda898d93cd3ee8#e9b73c9cc6fbae420c6732810fb5ec3db48cc6f3#77903d149b195cad58b580afd93764e2061a4aa8#b90f2b3c865bb39345239a46c7a668ef20d4d434#30cbbcfdae66e921d35a3d53b6ae2796c88f4ecd#041ddc121eebaf20551134b7eddc5f187847b77d,,,,,,,,,,,3415
19659703444,PullRequestEvent,1,2022-01-10 15:51:55,951654,jonkerj,4576305,openzipkin/zipkin,,,,,,,,opened,3415.0,,,,,,,,,3415
19888963057,PullRequestReviewEvent,1,2022-01-24 15:48:48,17274927,mrfelek,4576305,openzipkin/zipkin,,,,,,,,created,3415.0,,,commented,NONE,,,,,3415
19888963099,PullRequestReviewCommentEvent,1,2022-01-24 15:48:48,17274927,mrfelek,4576305,openzipkin/zipkin,,,,,,,,created,3415.0,,,,,,,,,3415
19893892443,PullRequestEvent,1,2022-01-24 20:39:55,3075074,jcchavezs,4576305,openzipkin/zipkin,,,,,,,,closed,3415.0,,,,,,,,,3415
19902328238,PullRequestReviewEvent,1,2022-01-25 09:17:28,17274927,mrfelek,4576305,openzipkin/zipkin,,,,,,,,created,3415.0,,,commented,NONE,,,,,3415
19902328278,PullRequestReviewCommentEvent,1,2022-01-25 09:17:25,17274927,mrfelek,4576305,openzipkin/zipkin,,,,,,,,created,3415.0,,,,,,,,,3415
19902695997,PullRequestReviewEvent,1,2022-01-25 09:38:03,951654,jonkerj,4576305,openzipkin/zipkin,,,,,,,,created,3415.0,,,commented,CONTRIBUTOR,,,,,3415
19902696043,PullRequestReviewCommentEvent,1,2022-01-25 09:38:02,951654,jonkerj,4576305,openzipkin/zipkin,,,,,,,,created,3415.0,,,,,,,,,3415
19902725984,CreateEvent,1,2022-01-25 09:39:45,3075074,jcchavezs,4576305,openzipkin/zipkin,fixes_storage_env_var_helm,branch,user,,,,,,,,,,,,,,,3417
19947241358,DeleteEvent,1,2022-01-27 14:35:50,3075074,jcchavezs,4576305,openzipkin/zipkin,fixes_storage_env_var_helm,branch,user,,,,,,,,,,,,,,,3417
19904160914,PushEvent,1,2022-01-25 11:00:37,3075074,jcchavezs,4576305,openzipkin/zipkin,refs/heads/fixes_storage_env_var_helm,,,8925043636,1.0,1.0,8fdfacd833eb8626411c2b14b8c673fe65811ee0,,,,,,,,,,,3417
19904277717,PushEvent,1,2022-01-25 11:07:14,3075074,jcchavezs,4576305,openzipkin/zipkin,refs/heads/fixes_storage_env_var_helm,,,8925101165,1.0,1.0,1e89841fca8deb67b9bb5da1bb241bbbc2e50a6b,,,,,,,,,,,3417
19904331528,PushEvent,1,2022-01-25 11:10:20,3075074,jcchavezs,4576305,openzipkin/zipkin,refs/heads/fixes_storage_env_var_helm,,,8925127113,1.0,1.0,45b4e13b35d8694d51a81badd4a0145f6a73573d,,,,,,,,,,,3417
19911661884,PushEvent,1,2022-01-25 17:46:26,3075074,jcchavezs,4576305,openzipkin/zipkin,refs/heads/fixes_storage_env_var_helm,,,8928664172,2.0,2.0,ffc7a88bf8fc2233a389f294da91317c717b071c#25de94e0a297bc38e307c94cff533ea81c1897d1,,,,,,,,,,,3417
19921962762,PushEvent,1,2022-01-26 09:11:53,3075074,jcchavezs,4576305,openzipkin/zipkin,refs/heads/fixes_storage_env_var_helm,,,8933875576,1.0,1.0,e547d763f0a2c53e3571411ca70652656f5accd2,,,,,,,,,,,3417
19935307863,PushEvent,1,2022-01-26 23:01:57,3075074,jcchavezs,4576305,openzipkin/zipkin,refs/heads/fixes_storage_env_var_helm,,,8940377251,1.0,1.0,dcf8e94e6ccf27ee4aea817d4654380e504aa2e8,,,,,,,,,,,3417
19935430565,PushEvent,1,2022-01-26 23:12:51,3075074,jcchavezs,4576305,openzipkin/zipkin,refs/heads/fixes_storage_env_var_helm,,,8940439328,1.0,1.0,22ffc61e608d9d5d8022e9c2445b366d1528d0f8,,,,,,,,,,,3417
19935488573,PushEvent,1,2022-01-26 23:18:08,3075074,jcchavezs,4576305,openzipkin/zipkin,refs/heads/fixes_storage_env_var_helm,,,8940468757,1.0,1.0,e78a6e234bf8e3f1c118ce21767ce54547ba743b,,,,,,,,,,,3417
19935617431,PushEvent,1,2022-01-26 23:30:55,3075074,jcchavezs,4576305,openzipkin/zipkin,refs/heads/fixes_storage_env_var_helm,,,8940534161,1.0,1.0,d32a4526a27d3a3101c5d631b2b7879054b92e42,,,,,,,,,,,3417
19935632937,PushEvent,1,2022-01-26 23:32:30,3075074,jcchavezs,4576305,openzipkin/zipkin,refs/heads/fixes_storage_env_var_helm,,,8940541857,1.0,1.0,99c131fed703d89c8198dc5b527d00796e7fcdd5,,,,,,,,,,,3417
19935742484,PushEvent,1,2022-01-26 23:44:00,3075074,jcchavezs,4576305,openzipkin/zipkin,refs/heads/fixes_storage_env_var_helm,,,8940598563,2.0,2.0,5a76f8f658649ff2308bc780d7e5be6ad6eb1410#13dfa82d92db2de9884d14cddebd7efe509d84f1,,,,,,,,,,,3417
19935855760,PushEvent,1,2022-01-26 23:55:58,3075074,jcchavezs,4576305,openzipkin/zipkin,refs/heads/fixes_storage_env_var_helm,,,8940656153,1.0,1.0,f69a434a59603cb57790fdc7e56bc9b88922a5f6,,,,,,,,,,,3417
19902729887,PullRequestEvent,1,2022-01-25 09:39:57,3075074,jcchavezs,4576305,openzipkin/zipkin,,,,,,,,opened,3417.0,,,,,,,,,3417
19902760970,PullRequestReviewEvent,1,2022-01-25 09:41:43,951654,jonkerj,4576305,openzipkin/zipkin,,,,,,,,created,3417.0,,,changes_requested,CONTRIBUTOR,,,,,3417
19935630499,PullRequestReviewCommentEvent,1,2022-01-26 23:32:14,3075074,jcchavezs,4576305,openzipkin/zipkin,,,,,,,,created,3417.0,,,,,,,,,3417
19935630504,PullRequestReviewEvent,1,2022-01-26 23:32:15,3075074,jcchavezs,4576305,openzipkin/zipkin,,,,,,,,created,3417.0,,,commented,CONTRIBUTOR,,,,,3417
19945633385,PullRequestReviewEvent,1,2022-01-27 13:12:05,3075074,jcchavezs,4576305,openzipkin/zipkin,,,,,,,,created,3417.0,,,commented,CONTRIBUTOR,,,,,3417
19945633455,PullRequestReviewCommentEvent,1,2022-01-27 13:12:05,3075074,jcchavezs,4576305,openzipkin/zipkin,,,,,,,,created,3417.0,,,,,,,,,3417
19947240987,PullRequestEvent,1,2022-01-27 14:35:49,3075074,jcchavezs,4576305,openzipkin/zipkin,,,,,,,,closed,3417.0,,,,,,,,,3417
19952980387,CreateEvent,1,2022-01-27 19:39:26,3075074,jcchavezs,4576305,openzipkin/zipkin,fixes_release_chart_tag,branch,user,,,,,,,,,,,,,,,3418
19953321080,DeleteEvent,1,2022-01-27 20:02:34,3075074,jcchavezs,4576305,openzipkin/zipkin,fixes_release_chart_tag,branch,user,,,,,,,,,,,,,,,3418
19952992083,PullRequestEvent,1,2022-01-27 19:40:14,3075074,jcchavezs,4576305,openzipkin/zipkin,,,,,,,,opened,3418.0,,,,,,,,,3418
19953320752,PullRequestEvent,1,2022-01-27 20:02:32,3075074,jcchavezs,4576305,openzipkin/zipkin,,,,,,,,closed,3418.0,,,,,,,,,3418
19953747830,CreateEvent,1,2022-01-27 20:32:05,3075074,jcchavezs,4576305,openzipkin/zipkin,fixes_helm_prepare,branch,user,,,,,,,,,,,,,,,3419
19953862522,DeleteEvent,1,2022-01-27 20:40:14,3075074,jcchavezs,4576305,openzipkin/zipkin,fixes_helm_prepare,branch,user,,,,,,,,,,,,,,,3419
19953776877,PullRequestEvent,1,2022-01-27 20:34:07,3075074,jcchavezs,4576305,openzipkin/zipkin,,,,,,,,opened,3419.0,,,,,,,,,3419
19953862264,PullRequestEvent,1,2022-01-27 20:40:13,3075074,jcchavezs,4576305,openzipkin/zipkin,,,,,,,,closed,3419.0,,,,,,,,,3419
19953956300,CreateEvent,1,2022-01-27 20:47:00,3075074,jcchavezs,4576305,openzipkin/zipkin,adds_env_chart_release,branch,user,,,,,,,,,,,,,,,3420
19953994796,DeleteEvent,1,2022-01-27 20:49:47,3075074,jcchavezs,4576305,openzipkin/zipkin,adds_env_chart_release,branch,user,,,,,,,,,,,,,,,3420
19953966669,PullRequestEvent,1,2022-01-27 20:47:45,3075074,jcchavezs,4576305,openzipkin/zipkin,,,,,,,,opened,3420.0,,,,,,,,,3420
19953994664,PullRequestEvent,1,2022-01-27 20:49:47,3075074,jcchavezs,4576305,openzipkin/zipkin,,,,,,,,closed,3420.0,,,,,,,,,3420
19954662750,CreateEvent,1,2022-01-27 21:37:34,3075074,jcchavezs,4576305,openzipkin/zipkin,fixes_remove_trigger_tag,branch,user,,,,,,,,,,,,,,,3421
19954714031,DeleteEvent,1,2022-01-27 21:41:35,3075074,jcchavezs,4576305,openzipkin/zipkin,fixes_remove_trigger_tag,branch,user,,,,,,,,,,,,,,,3421
19954663811,PullRequestEvent,1,2022-01-27 21:37:39,3075074,jcchavezs,4576305,openzipkin/zipkin,,,,,,,,opened,3421.0,,,,,,,,,3421
19954713855,PullRequestEvent,1,2022-01-27 21:41:34,3075074,jcchavezs,4576305,openzipkin/zipkin,,,,,,,,closed,3421.0,,,,,,,,,3421
19954756927,CreateEvent,1,2022-01-27 21:44:56,3075074,jcchavezs,4576305,openzipkin/zipkin,removes_unused_chart,branch,user,,,,,,,,,,,,,,,3422
19954785269,DeleteEvent,1,2022-01-27 21:47:03,3075074,jcchavezs,4576305,openzipkin/zipkin,removes_unused_chart,branch,user,,,,,,,,,,,,,,,3422
19954758138,PullRequestEvent,1,2022-01-27 21:45:02,3075074,jcchavezs,4576305,openzipkin/zipkin,,,,,,,,opened,3422.0,,,,,,,,,3422
19954785177,PullRequestEvent,1,2022-01-27 21:47:03,3075074,jcchavezs,4576305,openzipkin/zipkin,,,,,,,,closed,3422.0,,,,,,,,,3422
19954733540,CreateEvent,1,2022-01-27 21:43:06,3075074,jcchavezs,4576305,openzipkin/zipkin,fixes_helm_readme,branch,user,,,,,,,,,,,,,,,3423
19954778020,DeleteEvent,1,2022-01-27 21:46:30,3075074,jcchavezs,4576305,openzipkin/zipkin,fixes_helm_readme,branch,user,,,,,,,,,,,,,,,3423
19954775665,PushEvent,1,2022-01-27 21:46:19,3075074,jcchavezs,4576305,openzipkin/zipkin,refs/heads/fixes_helm_readme,,,8949978134,1.0,1.0,e919c973f8bba4336bb999a9f2b652e2a7ed2149,,,,,,,,,,,3423
19954776480,PullRequestEvent,1,2022-01-27 21:46:23,3075074,jcchavezs,4576305,openzipkin/zipkin,,,,,,,,opened,3423.0,,,,,,,,,3423
19954777919,PullRequestEvent,1,2022-01-27 21:46:29,3075074,jcchavezs,4576305,openzipkin/zipkin,,,,,,,,closed,3423.0,,,,,,,,,3423
17895489328,ForkEvent,1,2021-09-08 07:56:50,41158803,equinix-ms,4576305,openzipkin/zipkin,,,,,,,,,,equinix-ms/zipkin,,,,,,,,3434
20695802941,CreateEvent,1,2022-03-11 08:07:54,951654,jonkerj,404260495,equinix-ms/zipkin,extraenv,branch,user,,,,,,,,,,,,,,,3434
20695810417,PullRequestEvent,1,2022-03-11 08:08:26,951654,jonkerj,4576305,openzipkin/zipkin,,,,,,,,opened,3434.0,,,,,,,,,3434
20731753275,CreateEvent,1,2022-03-14 10:04:57,3075074,jcchavezs,4576305,openzipkin/zipkin,helm_prepare_docs,branch,user,,,,,,,,,,,,,,,3435
20733887343,DeleteEvent,1,2022-03-14 12:00:11,3075074,jcchavezs,4576305,openzipkin/zipkin,helm_prepare_docs,branch,user,,,,,,,,,,,,,,,3435
20731752142,PullRequestEvent,1,2022-03-14 10:05:07,3075074,jcchavezs,4576305,openzipkin/zipkin,,,,,,,,opened,3435.0,,,,,,,,,3435
20733885252,PullRequestEvent,1,2022-03-14 12:00:05,3075074,jcchavezs,4576305,openzipkin/zipkin,,,,,,,,closed,3435.0,,,,,,,,,3435
20931405071,ForkEvent,1,2022-03-25 08:16:11,13836401,weishaofei,4576305,openzipkin/zipkin,,,,,,,,,,weishaofei/zipkin,,,,,,,,3437
20931467841,CreateEvent,1,2022-03-25 08:20:21,13836401,weishaofei,473923676,weishaofei/zipkin,fixJsonSerializers,branch,user,,,,,,,,,,,,,,,3437
20931534296,PullRequestEvent,1,2022-03-25 08:24:38,13836401,weishaofei,4576305,openzipkin/zipkin,,,,,,,,opened,3437.0,,,,,,,,,3437
20936496352,PullRequestReviewEvent,1,2022-03-25 13:23:09,99359,llinder,4576305,openzipkin/zipkin,,,,,,,,created,3437.0,,,approved,MEMBER,,,,,3437
20978907373,PushEvent,1,2022-03-28 17:49:55,50076224,KhungLongCuBu,475100072,KhungLongCuBu/zipkin,refs/heads/master,,,9470547567,1.0,1.0,28e5280ad6c2e54488d3d3156e10395b862d1afd,,,,,,,,,,,3438
20978924886,PullRequestEvent,1,2022-03-28 17:50:59,50076224,KhungLongCuBu,4576305,openzipkin/zipkin,,,,,,,,opened,3438.0,,,,,,,,,3438
20979212039,PullRequestEvent,1,2022-03-28 18:08:09,50076224,KhungLongCuBu,4576305,openzipkin/zipkin,,,,,,,,closed,3438.0,,,,,,,,,3438
20979238751,CreateEvent,1,2022-03-28 18:09:39,50076224,KhungLongCuBu,475100072,KhungLongCuBu/zipkin,cassandra-extra-env,branch,user,,,,,,,,,,,,,,,3439
22609304767,DeleteEvent,1,2022-06-29 15:43:14,50076224,KhungLongCuBu,475100072,KhungLongCuBu/zipkin,cassandra-extra-env,branch,user,,,,,,,,,,,,,,,3439
20979301352,PullRequestEvent,1,2022-03-28 18:13:13,50076224,KhungLongCuBu,4576305,openzipkin/zipkin,,,,,,,,opened,3439.0,,,,,,,,,3439
22609302375,PullRequestEvent,1,2022-06-29 15:43:08,50076224,KhungLongCuBu,4576305,openzipkin/zipkin,,,,,,,,closed,3439.0,,,,,,,,,3439
21107511463,PullRequestEvent,1,2022-04-04 20:23:46,7742675,chenboy3,4576305,openzipkin/zipkin,,,,,,,,opened,3442,,,,,,,,,3442
21703099436,ForkEvent,1,2022-05-10 07:07:27,23032219,Filippo125,4576305,openzipkin/zipkin,,,,,,,,,,Filippo125/zipkin,,,,,,,,3446
21703987045,CreateEvent,1,2022-05-10 07:57:57,23032219,Filippo125,490581283,Filippo125/zipkin,es_options_#3445,branch,user,,,,,,,,,,,,,,,3446
21704121735,PullRequestEvent,1,2022-05-10 08:05:04,23032219,Filippo125,4576305,openzipkin/zipkin,,,,,,,,opened,3446.0,,,,,,,,,3446
21728633818,PullRequestReviewEvent,1,2022-05-11 09:55:07,3075074,jcchavezs,4576305,openzipkin/zipkin,,,,,,,,created,3446.0,,,commented,CONTRIBUTOR,,,,,3446
21728633858,PullRequestReviewCommentEvent,1,2022-05-11 09:55:07,3075074,jcchavezs,4576305,openzipkin/zipkin,,,,,,,,created,3446.0,,,,,,,,,3446
21844884375,ForkEvent,1,2022-05-18 03:01:44,105759887,rswst8,4576305,openzipkin/zipkin,,,,,,,,,,rswst8/zipkin,,,,,,,,3449
21845080338,PushEvent,1,2022-05-18 03:21:26,105759887,rswst8,493489026,rswst8/zipkin,refs/heads/master,,,9911639309,2.0,1.0,f87acdb268e356a70db724bdcb8a8c88aa268eab#5139c779605b28dcecf867b94b8aa470b04ac37f,,,,,,,,,,,3449
21863767865,PushEvent,1,2022-05-18 21:00:55,105759887,rswst8,493489026,rswst8/zipkin,refs/heads/master,,,9920828874,1.0,1.0,4be09ec502d1b1017c2628dd9c353b2b1f88d639,,,,,,,,,,,3449
22012922217,PushEvent,1,2022-05-27 00:10:03,105759887,rswst8,493489026,rswst8/zipkin,refs/heads/master,,,9996040812,1.0,1.0,83e92ff03fc68df5212a75ea8e1de159c241aecc,,,,,,,,,,,3449
21845135824,PullRequestEvent,1,2022-05-18 03:27:02,105759887,rswst8,4576305,openzipkin/zipkin,,,,,,,,opened,3449.0,,,,,,,,,3449
22630539635,PullRequestEvent,1,2022-06-30 14:19:33,99359,llinder,4576305,openzipkin/zipkin,,,,,,,,closed,3449.0,,,,,,,,,3449
22082477420,ForkEvent,1,2022-05-31 18:47:33,95503558,priyavivek2307,4576305,openzipkin/zipkin,,,,,,,,,,priyavivek2307/cassandra-hostname-verification,,,,,,,,3457
22400210908,PullRequestEvent,1,2022-06-17 16:25:20,95503558,priyavivek2307,4576305,openzipkin/zipkin,,,,,,,,opened,3457.0,,,,,,,,,3457
22422183635,PullRequestReviewEvent,1,2022-06-20 05:15:44,3075074,jcchavezs,4576305,openzipkin/zipkin,,,,,,,,created,3457.0,,,commented,CONTRIBUTOR,,,,,3457
22422183679,PullRequestReviewCommentEvent,1,2022-06-20 05:15:43,3075074,jcchavezs,4576305,openzipkin/zipkin,,,,,,,,created,3457.0,,,,,,,,,3457
22437233202,PullRequestReviewEvent,1,2022-06-20 19:29:05,95503558,priyavivek2307,4576305,openzipkin/zipkin,,,,,,,,created,3457.0,,,commented,NONE,,,,,3457
22437233207,PullRequestReviewCommentEvent,1,2022-06-20 19:29:04,95503558,priyavivek2307,4576305,openzipkin/zipkin,,,,,,,,created,3457.0,,,,,,,,,3457
22430844760,ForkEvent,1,2022-06-20 13:17:48,26636125,gdimitrov7,4576305,openzipkin/zipkin,,,,,,,,,,gdimitrov7/zipkin,,,,,,,,3459
22430971602,CreateEvent,1,2022-06-20 13:23:28,26636125,gdimitrov7,505449015,gdimitrov7/zipkin,upgrade-gson,branch,user,,,,,,,,,,,,,,,3459
22568754709,DeleteEvent,1,2022-06-27 21:13:03,26636125,gdimitrov7,505449015,gdimitrov7/zipkin,upgrade-gson,branch,user,,,,,,,,,,,,,,,3459
22447922024,PullRequestReviewEvent,1,2022-06-21 09:02:18,7205296,basvanbeek,4576305,openzipkin/zipkin,,,,,,,,created,3459.0,,,approved,MEMBER,,,,,3459
22434903670,ForkEvent,1,2022-06-20 16:39:34,160142,dwelch2344,4576305,openzipkin/zipkin,,,,,,,,,,dwelch2344/openzipkin-zipkin,,,,,,,,3460
22444627290,PullRequestEvent,1,2022-06-21 05:51:01,160142,dwelch2344,4576305,openzipkin/zipkin,,,,,,,,opened,3460.0,,,,,,,,,3460
22430844760,ForkEvent,1,2022-06-20 13:17:48,26636125,gdimitrov7,4576305,openzipkin/zipkin,,,,,,,,,,gdimitrov7/zipkin,,,,,,,,3461
22458072380,CreateEvent,1,2022-06-21 17:06:38,26636125,gdimitrov7,505449015,gdimitrov7/zipkin,upgrade-gson,branch,user,,,,,,,,,,,,,,,3461
22568754709,DeleteEvent,1,2022-06-27 21:13:03,26636125,gdimitrov7,505449015,gdimitrov7/zipkin,upgrade-gson,branch,user,,,,,,,,,,,,,,,3461
22553640554,PullRequestReviewEvent,1,2022-06-27 08:20:00,6180701,jeqo,4576305,openzipkin/zipkin,,,,,,,,created,3461.0,,,approved,MEMBER,,,,,3461
22553644119,PullRequestEvent,1,2022-06-27 08:20:10,6180701,jeqo,4576305,openzipkin/zipkin,,,,,,,,closed,3461.0,,,,,,,,,3461
22568856290,PushEvent,1,2022-06-27 21:18:54,99359,llinder,70197478,llinder/zipkin,refs/heads/bump,,,10279832896,1.0,1.0,93d79c05b5524cfa658b4bcd82f84ea5e28561f6,,,,,,,,,,,3462
22567827072,PullRequestEvent,1,2022-06-27 20:21:18,99359,llinder,4576305,openzipkin/zipkin,,,,,,,,opened,3462.0,,,,,,,,,3462
22570089734,PullRequestEvent,1,2022-06-27 22:39:57,99359,llinder,4576305,openzipkin/zipkin,,,,,,,,closed,3462.0,,,,,,,,,3462
22570118012,CreateEvent,1,2022-06-27 22:42:27,99359,llinder,70197478,llinder/zipkin,bump-docker,branch,user,,,,,,,,,,,,,,,3463
22570137883,PullRequestEvent,1,2022-06-27 22:44:14,99359,llinder,4576305,openzipkin/zipkin,,,,,,,,opened,3463.0,,,,,,,,,3463
22570538119,PullRequestEvent,1,2022-06-27 23:19:06,99359,llinder,4576305,openzipkin/zipkin,,,,,,,,closed,3463.0,,,,,,,,,3463
22629551225,PushEvent,1,2022-06-30 13:37:45,15921519,cuishuang,509091509,cuishuang/zipkin,refs/heads/master,,,10309689865,1.0,1.0,ec31c0aab8e7e2eb0dc4b03d572bc38f7bcd22eb,,,,,,,,,,,3464
22629650521,PullRequestEvent,1,2022-06-30 13:42:04,15921519,cuishuang,4576305,openzipkin/zipkin,,,,,,,,opened,3464.0,,,,,,,,,3464
