id,type,public,created_at,actor_id,actor_login,repo_id,repo_name,payload_ref,payload_ref_type,payload_pusher_type,payload_push_id,payload_size,payload_distinct_size,payload_commits,payload_action,payload_pr_number,payload_forkee_full_name,payload_changes,payload_review_state,payload_review_author_association,payload_member_id,payload_member_login,payload_member_type,payload_member_site_admin
18569107210,ForkEvent,true,2021-10-23 23:59:36.000000 UTC,71170503,TechMarDay,10270250,facebook/react,,,,,,,,,,"""TechMarDay/react""",,,,,,,
18563587098,ForkEvent,true,2021-10-23 01:11:17.000000 UTC,35248774,firstpersonl,4710920,apache/dubbo,,,,,,,,,,"""firstpersonl/dubbo""",,,,,,,
18563742898,WatchEvent,true,2021-10-23 01:50:18.000000 UTC,16500384,crazytaxi824,10270250,facebook/react,,,,,,,,"""started""",,,,,,,,,
18563725363,WatchEvent,true,2021-10-23 01:46:40.000000 UTC,64187129,EugeneGohh,10270250,facebook/react,,,,,,,,"""started""",,,,,,,,,
18563760762,IssueCommentEvent,true,2021-10-23 01:54:37.000000 UTC,6691643,MrMino,658518,ipython/ipython,,,,,,,,"""created""",,,,,,,,,
18563618720,WatchEvent,true,2021-10-23 01:19:27.000000 UTC,71952256,straxFromIbr,45717250,tensorflow/tensorflow,,,,,,,,"""started""",,,,,,,,,
18563647740,WatchEvent,true,2021-10-23 01:27:22.000000 UTC,92630824,Fabz2021,45717250,tensorflow/tensorflow,,,,,,,,"""started""",,,,,,,,,
18563578886,ForkEvent,true,2021-10-23 01:09:17.000000 UTC,71785224,Shakespeare17,7691631,moby/moby,,,,,,,,,,"""Shakespeare17/moby""",,,,,,,
18563691181,IssueCommentEvent,true,2021-10-23 01:38:39.000000 UTC,1372918,archseer,268424739,helix-editor/helix,,,,,,,,"""created""",,,,,,,,,
18563410601,IssueCommentEvent,true,2021-10-23 00:31:19.000000 UTC,5780964,maricabertarini,10270250,facebook/react,,,,,,,,"""created""",,,,,,,,,
18563333923,IssuesEvent,true,2021-10-23 00:15:29.000000 UTC,4949392,dennisroche,17728164,hashicorp/terraform,,,,,,,,"""opened""",,,,,,,,,
18563454932,CreateEvent,true,2021-10-23 00:41:14.000000 UTC,26163841,Arhell,3431193,yiisoft/yii2,"""upd""","""branch""","""user""",,,,,,,,,,,,,,
18563252041,ForkEvent,true,2021-10-23 00:01:05.000000 UTC,53563180,gyuta,5108051,opencv/opencv,,,,,,,,,,"""gyuta/opencv""",,,,,,,
18563440136,ForkEvent,true,2021-10-23 00:38:03.000000 UTC,56537411,jimmy-nhk,5108051,opencv/opencv,,,,,,,,,,"""jimmy-nhk/opencv""",,,,,,,
18563510354,PushEvent,true,2021-10-23 00:54:04.000000 UTC,56741989,copybara-service[bot],45717250,tensorflow/tensorflow,"""refs/heads/master""",,,8219193463,1,1,"[{""sha"":""60feff9868f475f01bcce5ec0d7092916bc8caeb"",""author"":{""name"":""A. Unique TensorFlower"",""email"":""746aced590a184ef4169166e753f7c211e32e5fc@tensorflow.org""},""message"":""Go: Update generated wrapper functions for TensorFlow ops.\n\nPiperOrigin-RevId: 405065099\nChange-Id: I9e166fea57a30049230f113bedc546710131858e"",""distinct"":true,""url"":""https://api.github.com/repos/tensorflow/tensorflow/commits/60feff9868f475f01bcce5ec0d7092916bc8caeb""}]",,,,,,,,,,
18563275126,WatchEvent,true,2021-10-23 00:05:07.000000 UTC,90117538,Encephaloniel,45717250,tensorflow/tensorflow,,,,,,,,"""started""",,,,,,,,,
18563475744,IssueCommentEvent,true,2021-10-23 00:45:59.000000 UTC,1372918,archseer,268424739,helix-editor/helix,,,,,,,,"""created""",,,,,,,,,